7.9_raw.csv_filtered_by_correlation15_SNR20_all_replacement_strategy_1,2022-11-26 23:05:48.265029
7.9_raw.csv_filtered_by_correlation15_SNR20_individual_replacement_strategy_1,2022-11-26 23:05:48.314918
7.6_raw.csv_filtered_by_correlation15_SNR20_all_replacement_strategy_1,2022-11-26 23:05:48.384736
7.6_raw.csv_filtered_by_correlation15_SNR20_individual_replacement_strategy_1,2022-11-26 23:05:48.446432
7.2_raw.csv_filtered_by_correlation15_SNR20_all_replacement_strategy_1,2022-11-26 23:05:48.520265
7.2_raw.csv_filtered_by_correlation15_SNR20_individual_replacement_strategy_1,2022-11-26 23:05:48.572108
Complete Duration,0:00:59.175967
Complete Duration,0:00:00.614652
Complete Duration,0:00:00.499735
Complete Duration,0:00:00.063964
Complete Duration,0:00:00.043976
Complete Duration,0:00:00.061966
Complete Duration,0:00:00.032982
Complete Duration,0:00:00.025986
Complete Duration,0:00:00.049974
Complete Duration,0:00:00.074957
Complete Duration,0:00:00.037980
Complete Duration,0:00:00.045970
Complete Duration,0:00:00.055968
Complete Duration,0:00:00.081952
Complete Duration,0:00:00.037979
Complete Duration,0:00:00.060966
Complete Duration,0:00:00.043976
Complete Duration,0:00:00.033983
7.9_raw.csv_filtered_by_correlation1_all_replacement_strategy_4,2022-11-29 16:05:09.757799
7.9_raw.csv_filtered_by_correlation1_individual_replacement_strategy_4,2022-11-29 16:05:09.939693
7.9_raw.csv_filtered_by_SNR3_all_replacement_strategy_4,2022-11-29 16:05:10.101604
7.9_raw.csv_filtered_by_SNR3_individual_replacement_strategy_4,2022-11-29 16:05:10.271504
7.9_raw.csv_filtered_by_acceleration_1.5_all_replacement_strategy_4,2022-11-29 16:05:11.976531
7.9_raw.csv_filtered_by_acceleration_1.5_individual_replacement_strategy_4,2022-11-29 16:05:14.055343
7.9_raw.csv_filtered_by_correlation1_SNR3_all_replacement_strategy_4,2022-11-29 16:05:14.210253
7.9_raw.csv_filtered_by_correlation1_SNR3_individual_replacement_strategy_4,2022-11-29 16:05:14.352194
7.6_raw.csv_filtered_by_correlation1_all_replacement_strategy_4,2022-11-29 16:05:14.513082
7.6_raw.csv_filtered_by_correlation1_individual_replacement_strategy_4,2022-11-29 16:05:14.671902
7.6_raw.csv_filtered_by_SNR3_all_replacement_strategy_4,2022-11-29 16:05:14.826814
7.6_raw.csv_filtered_by_SNR3_individual_replacement_strategy_4,2022-11-29 16:05:15.002712
7.6_raw.csv_filtered_by_acceleration_1.5_all_replacement_strategy_4,2022-11-29 16:05:16.823672
7.6_raw.csv_filtered_by_acceleration_1.5_individual_replacement_strategy_4,2022-11-29 16:05:18.881495
7.6_raw.csv_filtered_by_correlation1_SNR3_all_replacement_strategy_4,2022-11-29 16:05:19.093375
7.6_raw.csv_filtered_by_correlation1_SNR3_individual_replacement_strategy_4,2022-11-29 16:05:19.296257
7.2_raw.csv_filtered_by_correlation1_all_replacement_strategy_4,2022-11-29 16:05:19.554111
7.2_raw.csv_filtered_by_correlation1_individual_replacement_strategy_4,2022-11-29 16:05:19.729012
7.2_raw.csv_filtered_by_SNR3_all_replacement_strategy_4,2022-11-29 16:05:19.992861
7.2_raw.csv_filtered_by_SNR3_individual_replacement_strategy_4,2022-11-29 16:05:20.161767
7.2_raw.csv_filtered_by_acceleration_1.5_all_replacement_strategy_4,2022-11-29 16:05:21.875784
7.2_raw.csv_filtered_by_acceleration_1.5_individual_replacement_strategy_4,2022-11-29 16:05:24.256424
7.2_raw.csv_filtered_by_correlation1_SNR3_all_replacement_strategy_4,2022-11-29 16:05:24.453311
7.2_raw.csv_filtered_by_correlation1_SNR3_individual_replacement_strategy_4,2022-11-29 16:05:24.603246
7.2_raw.csv_filtered_by_SNR3_Acceleration_1.5_all_replacement_strategy_4,2022-11-29 16:05:26.373217
7.2_raw.csv_filtered_by_SNR3_acceleration_1.5_individual_replacement_strategy_4,2022-11-29 16:05:28.406056
7.2_raw.csv_filtered_by_correlation1_Acceleration_1.5_all_replacement_strategy_4,2022-11-29 16:05:30.385921
7.2_raw.csv_filtered_by_correlation1_acceleration_1.5_individual_replacement_strategy_4,2022-11-29 16:05:32.460756
7.2_raw.csv_filtered_by_correlation1_SNR3_Acceleration_1.5_all_replacement_strategy_4,2022-11-29 16:05:34.769418
7.2_raw.csv_filtered_by_correlation1_SNR3_acceleration_1.5_individual_replacement_strategy_4,2022-11-29 16:05:37.038120
Complete Duration,0:00:27.764985
